{"cameraMode":{"drawMode":0,"name":"Shaded","section":"Shading Mode"},"sceneLighting":false,"audioPlay":false,"sceneViewState":{"m_AlwaysRefresh":false,"showFog":true,"showSkybox":false,"showFlares":true,"showImageEffects":true,"showParticleSystems":true,"showVisualEffectGraphs":true,"m_FxEnabled":true},"in2DMode":false,"pivot":{"x":532.7173461914063,"y":283.49493408203127,"z":-94.02029418945313},"rotation":{"x":-0.14023670554161073,"y":0.024674559012055398,"z":0.002867836272343993,"w":0.9900139570236206},"size":252.8715057373047,"orthographic":false}