{"cameraMode":{"drawMode":0,"name":"Shaded","section":"Shading Mode"},"sceneLighting":true,"audioPlay":false,"sceneViewState":{"m_AlwaysRefresh":false,"showFog":true,"showSkybox":true,"showFlares":true,"showImageEffects":true,"showParticleSystems":true,"showVisualEffectGraphs":true,"m_FxEnabled":true},"in2DMode":false,"pivot":{"x":6.644429683685303,"y":1.419292688369751,"z":-3.2865891456604006},"rotation":{"x":0.0012382378336042166,"y":1.0002264976501465,"z":0.007798161823302507,"w":0.0034282514825463297},"size":0.8660253882408142,"orthographic":false}