{"cameraMode":{"drawMode":0,"name":"Shaded","section":"Shading Mode"},"sceneLighting":true,"audioPlay":false,"sceneViewState":{"m_AlwaysRefresh":false,"showFog":true,"showSkybox":true,"showFlares":true,"showImageEffects":true,"showParticleSystems":true,"showVisualEffectGraphs":true,"m_FxEnabled":true},"in2DMode":false,"pivot":{"x":859.5913696289063,"y":739.2704467773438,"z":476.2616271972656},"rotation":{"x":-0.05388803407549858,"y":-0.05628788843750954,"z":-0.003042516065761447,"w":0.9969546794891357},"size":710.1455688476563,"orthographic":true}