{"cameraMode":{"drawMode":0,"name":"Shaded","section":"Shading Mode"},"sceneLighting":true,"audioPlay":false,"sceneViewState":{"m_AlwaysRefresh":false,"showFog":true,"showSkybox":true,"showFlares":true,"showImageEffects":true,"showParticleSystems":true,"showVisualEffectGraphs":true,"m_FxEnabled":true},"in2DMode":false,"pivot":{"x":14.46607780456543,"y":1.1326978206634522,"z":15.613561630249024},"rotation":{"x":-0.009242992848157883,"y":0.560954213142395,"z":0.00561521714553237,"w":0.8280254602432251},"size":2.568547487258911,"orthographic":false}