{"cameraMode":{"drawMode":0,"name":"Shaded","section":"Shading Mode"},"sceneLighting":true,"audioPlay":false,"sceneViewState":{"m_AlwaysRefresh":false,"showFog":true,"showSkybox":true,"showFlares":true,"showImageEffects":true,"showParticleSystems":true,"showVisualEffectGraphs":true,"m_FxEnabled":true},"in2DMode":false,"pivot":{"x":120.354736328125,"y":27.76727867126465,"z":-61.439857482910159},"rotation":{"x":0.026979200541973115,"y":-0.0359790101647377,"z":0.000972062349319458,"w":0.9989908337593079},"size":58.799232482910159,"orthographic":true}