{"cameraMode":{"drawMode":0,"name":"Shaded","section":"Shading Mode"},"sceneLighting":true,"audioPlay":false,"sceneViewState":{"m_AlwaysRefresh":false,"showFog":true,"showSkybox":true,"showFlares":true,"showImageEffects":true,"showParticleSystems":true,"showVisualEffectGraphs":true,"m_FxEnabled":true},"in2DMode":false,"pivot":{"x":496.6578369140625,"y":218.50953674316407,"z":-65.85076904296875},"rotation":{"x":-0.018015945330262185,"y":0.03073151223361492,"z":0.00011703863856382668,"w":-0.9996256828308106},"size":231.5828857421875,"orthographic":true}