{"cameraMode":{"drawMode":0,"name":"Shaded","section":"Shading Mode"},"sceneLighting":true,"audioPlay":false,"sceneViewState":{"m_AlwaysRefresh":false,"showFog":true,"showSkybox":true,"showFlares":true,"showImageEffects":true,"showParticleSystems":true,"showVisualEffectGraphs":true,"m_FxEnabled":true},"in2DMode":false,"pivot":{"x":14.055693626403809,"y":-0.30040428042411806,"z":19.992206573486329},"rotation":{"x":0.16492463648319245,"y":0.49382805824279787,"z":0.0966498926281929,"w":-0.8485391736030579},"size":0.02434373088181019,"orthographic":false}