{"cameraMode":{"drawMode":0,"name":"Shaded","section":"Shading Mode"},"sceneLighting":true,"audioPlay":false,"sceneViewState":{"m_AlwaysRefresh":false,"showFog":true,"showSkybox":true,"showFlares":true,"showImageEffects":true,"showParticleSystems":true,"showVisualEffectGraphs":true,"m_FxEnabled":true},"in2DMode":false,"pivot":{"x":-1.4967232942581177,"y":2.6865782737731935,"z":13.24479866027832},"rotation":{"x":0.0023817585315555336,"y":0.9794110655784607,"z":-0.011455098167061806,"w":0.20172283053398133},"size":2.440889358520508,"orthographic":false}