{"cameraMode":{"drawMode":0,"name":"Shaded","section":"Shading Mode"},"sceneLighting":true,"audioPlay":false,"sceneViewState":{"m_AlwaysRefresh":false,"showFog":true,"showSkybox":true,"showFlares":true,"showImageEffects":true,"showParticleSystems":true,"showVisualEffectGraphs":true,"m_FxEnabled":true},"in2DMode":false,"pivot":{"x":1016.9269409179688,"y":539.9149780273438,"z":1.6864506006240845},"rotation":{"x":0.005998997483402491,"y":-0.01799871399998665,"z":0.00010799398296512663,"w":0.9998212456703186},"size":1151.031005859375,"orthographic":true}