{"cameraMode":{"drawMode":0,"name":"Shaded","section":"Shading Mode"},"sceneLighting":true,"audioPlay":false,"sceneViewState":{"m_AlwaysRefresh":false,"showFog":true,"showSkybox":true,"showFlares":true,"showImageEffects":true,"showParticleSystems":true,"showVisualEffectGraphs":true,"m_FxEnabled":true},"in2DMode":false,"pivot":{"x":-79.98999786376953,"y":1.1899986267089844,"z":45.642066955566409},"rotation":{"x":0.22672881186008454,"y":-0.038851916790008548,"z":0.00904933176934719,"w":0.9731520414352417},"size":9.531195640563965,"orthographic":false}