{"cameraMode":{"drawMode":0,"name":"Shaded","section":"Shading Mode"},"sceneLighting":true,"audioPlay":false,"sceneViewState":{"m_AlwaysRefresh":false,"showFog":true,"showSkybox":true,"showFlares":true,"showImageEffects":true,"showParticleSystems":true,"showVisualEffectGraphs":true,"m_FxEnabled":true},"in2DMode":false,"pivot":{"x":44.01938247680664,"y":2.5390946865081789,"z":9.699405670166016},"rotation":{"x":-0.002996829804033041,"y":-0.8415049910545349,"z":0.005207924637943506,"w":-0.5405474901199341},"size":0.8660253882408142,"orthographic":false}