{"cameraMode":{"drawMode":0,"name":"Shaded","section":"Shading Mode"},"sceneLighting":true,"audioPlay":false,"sceneViewState":{"m_AlwaysRefresh":false,"showFog":true,"showSkybox":true,"showFlares":true,"showImageEffects":true,"showParticleSystems":true,"showVisualEffectGraphs":true,"m_FxEnabled":true},"in2DMode":false,"pivot":{"x":10.262491226196289,"y":0.8490545749664307,"z":18.81300163269043},"rotation":{"x":0.01674688793718815,"y":0.055398207157850268,"z":-0.0014764544321224094,"w":0.998529314994812},"size":2.568547487258911,"orthographic":false}